model,rmse,mae,directional_acc
Random forest,18716.900790227464,14414.867591681634,75.3203899675027
Gradient Boosting,18884.74366631884,15041.952827552439,73.65219565036247
